USE portfolio;

INSERT INTO `user` VALUES (1,'sam.harber@example.com','60eh87az19cy','Rajat','Payghan',3581369025,'an53psurejzn32'),(2,'lambert51@example.org','25wa64rw44jc','Cleo','O\'Kon',6586411260,'sy27lbdfleop19'),(3,'morton84@example.org','69nw80rf88nk','Einar','Stoltenberg',6501335964,'wu40lhfosztr48'),(4,'orippin@example.org','09zi11im04st','Jarred','Muller',7732668694,'fy48awauehci75'),(5,'thiel.amira@example.net','99eh10lc82ju','Leann','Lubowitz',8890725386,'nd07domyvnmz83');

INSERT INTO `investment` VALUES ('batns','voluptate','Mutual Funds',1526.39,-44.06,72.95,-9.61),('ciyyd','necessitatibus','Commodity',2743.79,39.18,-18.63,-26.66),('clszo','hic','Mutual Funds',3515.47,-0.58,-50.37,23.41),('cryyp','provident','Currency',4645.29,-16.57,68.17,-17.35),('gtvgu','facilis','Equity',400.33,0.41,-19.82,-8.46),('hcpbg','velit','Currency',228.36,-53.95,-3.95,13.07),('lnesm','sint','Commodity',3425.41,47.38,-42.49,27.03),('mpkbc','cumque','Equity',2126.60,-11.37,-48.39,15.13),('msrcl','ex','Mutual Funds',3422.23,77.45,-40.38,-5.45),('nrpfr','dolores','Currency',2780.53,-6.20,-75.09,-3.42),('pkhau','corrupti','Mutual Funds',3839.86,50.07,-64.34,-9.35),('rcmnk','possimus','Currency',4053.40,15.77,8.48,-18.36),('scaui','cupiditate','Commodity',4525.79,2.76,-9.28,-9.12),('tndgc','ut','Mutual Funds',2898.02,-39.66,-7.22,-11.12),('undbg','minima','Equity',3806.08,-53.11,-53.70,-12.29),('wkrpz','vitae','Mutual Funds',2840.12,-37.52,18.97,-6.35),('xnmeh','rerum','Mutual Funds',3240.76,1.08,-21.61,-7.86),('xvifl','et','Currency',1410.08,-52.31,22.48,-19.79),('yqukq','corporis','Mutual Funds',2106.88,-31.65,-21.91,-10.65),('zechf','eum','Mutual Funds',592.90,69.91,-52.77,-4.79);

INSERT INTO `financial_info` VALUES ('2013-04-11',3.27,2.83,8.32),('2013-04-23',14.95,11.88,9.45),('2013-05-20',1.36,11.79,5.88),('2013-07-30',1.17,7.29,12.14),('2013-08-13',10.33,5.69,8.87),('2013-09-03',13.81,3.84,6.15),('2013-09-10',2.70,0.35,9.34),('2013-10-14',4.53,5.49,2.89),('2013-10-30',11.49,6.65,7.64),('2013-12-01',5.11,1.84,11.16),('2013-12-16',10.28,14.52,7.52),('2014-01-03',1.24,2.23,5.89),('2014-01-20',3.17,4.39,14.88),('2014-04-25',5.94,7.92,14.21),('2014-05-25',5.98,3.70,8.56),('2014-06-14',10.02,1.74,13.15),('2014-09-10',8.93,12.12,7.36),('2014-10-29',11.41,10.04,13.96),('2015-01-25',5.57,2.21,4.46),('2015-02-02',11.02,14.61,3.31),('2015-02-19',10.69,10.10,5.33),('2015-03-23',3.90,11.34,14.14),('2015-03-25',0.59,3.79,11.67),('2015-03-31',11.11,9.38,5.99),('2015-04-12',10.12,9.74,6.96),('2015-04-19',2.88,12.53,1.96),('2015-05-22',7.29,11.43,11.74),('2015-06-25',12.77,8.15,7.69),('2015-07-09',9.03,1.62,6.76),('2015-08-11',5.84,9.51,9.89),('2015-09-14',13.91,14.72,2.85),('2015-11-08',13.87,1.17,3.48),('2015-12-13',14.32,13.84,14.89),('2015-12-14',7.91,4.44,11.90),('2016-01-09',7.61,14.79,8.14),('2016-01-10',10.71,10.79,13.95),('2016-06-17',14.72,5.59,7.27),('2016-09-15',6.13,14.69,10.90),('2016-11-18',11.83,6.53,6.36),('2016-11-28',9.15,13.43,11.50),('2016-12-13',4.64,12.84,4.79),('2017-03-15',1.21,4.28,13.54),('2017-05-09',6.37,11.70,8.59),('2017-07-10',8.80,2.63,0.19),('2017-08-12',0.90,14.70,1.31),('2017-08-28',0.31,9.93,11.77),('2017-08-29',12.80,4.76,14.71),('2017-12-04',3.44,10.51,8.22),('2017-12-14',2.96,13.91,7.26),('2018-02-20',3.26,13.74,0.30),('2018-02-28',5.47,10.69,6.97),('2018-03-23',8.46,10.62,5.34),('2018-03-31',7.44,0.57,2.22),('2018-04-12',3.66,3.35,12.62),('2018-06-01',9.20,10.00,14.30),('2018-07-15',2.84,9.97,13.12),('2018-07-30',9.50,5.00,1.36),('2018-08-02',13.83,3.04,8.09),('2018-09-10',1.04,2.55,5.20),('2018-09-20',13.59,11.78,5.09),('2018-09-25',1.50,4.41,0.01),('2018-10-27',11.66,14.21,7.17),('2019-01-22',10.04,2.55,12.60),('2019-02-08',9.76,3.84,3.90),('2019-04-11',3.29,5.12,5.80),('2019-04-25',8.75,3.17,14.74),('2019-06-18',8.77,0.63,12.11),('2019-08-03',13.83,14.98,14.29),('2019-09-10',2.84,8.82,9.42),('2019-11-26',14.79,2.08,10.56),('2019-12-05',8.31,1.44,11.31),('2019-12-06',11.77,10.04,13.25),('2019-12-27',4.04,12.87,13.74),('2019-12-29',13.18,9.59,3.02),('2020-02-15',13.74,8.34,10.58),('2020-03-21',7.79,14.97,11.04),('2020-06-16',12.99,1.40,4.37),('2020-08-07',10.23,8.88,7.26),('2020-08-27',2.38,5.38,3.95),('2020-08-28',7.19,12.99,9.05),('2020-10-17',11.17,12.53,8.11),('2021-01-22',0.23,3.56,7.55),('2021-02-20',8.54,5.38,7.27),('2021-04-12',2.79,11.16,10.38),('2021-05-26',5.13,0.09,4.27),('2021-07-26',5.89,14.64,0.28),('2021-08-05',7.52,2.87,12.25),('2021-08-12',4.27,1.70,10.24),('2021-09-15',0.36,5.92,7.30),('2021-12-06',2.15,7.86,6.51),('2022-05-07',3.43,2.95,2.95),('2022-07-27',13.60,4.23,5.58),('2022-08-29',5.86,11.26,9.82),('2022-09-05',11.07,4.25,3.24),('2022-10-15',0.83,1.97,0.02),('2022-11-08',4.96,6.39,7.01),('2022-11-18',9.67,0.24,3.00),('2023-01-20',8.73,8.07,2.77),('2023-03-11',0.49,6.22,1.85),('2023-04-03',13.66,2.04,13.09);

INSERT INTO `invests_in` VALUES 
(1,'batns',109,151.69,'2023-01-26',72.78),
(2,'batns',129,251.69,'2023-01-06',42.78),
(2,'ciyyd',211,62.80,'2023-02-12',51.91),
(3,'clszo',236,334.26,'2023-03-03',17.10),
(4,'cryyp',30,852.26,'2023-02-02',7.83),
(5,'gtvgu',197,263.63,'2023-01-22',1.70),
(1,'hcpbg',294,656.71,'2022-11-28',11.73),
(2,'lnesm',23,668.55,'2022-11-22',31.78),
(3,'mpkbc',116,823.26,'2023-02-13',59.08),
(4,'msrcl',66,1027.56,'2023-03-16',40.51),
(5,'nrpfr',120,399.70,'2023-02-12',76.28),
(1,'pkhau',12,122.61,'2023-01-23',76.47),
(2,'rcmnk',129,620.81,'2022-11-10',0.96),
(3,'scaui',28,796.01,'2023-03-15',19.04),
(4,'tndgc',248,584.24,'2023-03-17',38.89),
(5,'undbg',236,1041.19,'2023-01-10',13.73),
(1,'wkrpz',63,1074.28,'2023-01-02',83.33),
(2,'xnmeh',24,335.08,'2023-03-28',64.19),
(3,'xvifl',259,1083.52,'2022-11-15',43.87),
(4,'yqukq',48,726.38,'2022-11-13',2.55),
(5,'zechf',180,424.99,'2023-02-20',22.48);

INSERT INTO `market_data` VALUES ('batns','2023-03-28',313.97,8.74,890.92,879.21,496.61,28.17),('batns','2023-03-29',316.22,1157.86,586.17,386.97,531.23,209.17),('batns','2023-04-01',385.66,1176.33,438.14,167.60,64.97,226.71),('batns','2023-04-02',231.84,781.02,138.20,617.29,891.00,190.92),('batns','2023-04-03',341.45,817.67,1021.72,833.04,1052.09,254.15),('batns','2023-04-04',210.50,922.75,857.61,855.10,1007.13,24.85),('batns','2023-04-05',454.74,582.69,360.29,142.53,1061.99,79.96),('batns','2023-04-06',458.53,460.65,812.73,246.63,178.06,212.86),('batns','2023-04-07',447.87,289.58,960.75,305.87,501.67,291.49),('ciyyd','2023-03-28',491.64,670.64,428.35,1066.04,556.42,290.91),('ciyyd','2023-03-30',465.67,680.07,45.07,237.21,1136.59,127.30),('ciyyd','2023-03-31',366.07,924.31,560.69,644.08,258.34,258.44),('ciyyd','2023-04-01',381.84,228.82,367.64,416.12,676.97,220.06),('ciyyd','2023-04-02',93.65,1128.69,484.34,766.01,1147.33,124.14),('ciyyd','2023-04-03',195.10,665.76,1133.01,183.00,356.79,79.90),('ciyyd','2023-04-05',415.85,854.82,896.96,693.73,155.47,165.59),('ciyyd','2023-04-06',140.73,505.17,452.67,520.80,526.77,246.16),('ciyyd','2023-04-07',209.01,916.73,159.42,504.29,856.46,279.00),('clszo','2023-03-29',119.15,566.55,1196.96,741.36,1121.24,244.28),('clszo','2023-03-30',429.77,793.75,622.94,1030.53,495.12,25.41),('clszo','2023-03-31',357.78,955.51,793.54,984.64,688.63,252.72),('clszo','2023-04-01',474.94,760.15,315.56,779.48,50.28,72.21),('clszo','2023-04-02',347.65,505.78,1018.11,921.97,769.47,203.94),('clszo','2023-04-03',35.71,1104.28,964.33,38.21,865.19,111.59),('clszo','2023-04-04',338.90,30.88,709.57,1030.25,100.04,137.84),('clszo','2023-04-05',384.72,1034.66,111.05,609.31,139.26,90.06),('clszo','2023-04-06',194.18,421.87,213.73,362.87,530.68,288.46),('clszo','2023-04-07',246.49,761.41,296.05,641.83,311.19,188.74),('cryyp','2023-03-29',138.73,1147.11,834.57,531.71,982.64,118.74),('cryyp','2023-03-31',216.70,948.97,1097.21,405.25,562.83,11.15),('cryyp','2023-04-01',232.47,1173.72,490.29,1107.31,1149.63,127.23),('cryyp','2023-04-02',465.05,1014.96,599.75,1022.97,155.87,280.02),('cryyp','2023-04-03',275.56,1116.88,829.23,958.37,946.68,32.06),('cryyp','2023-04-04',399.00,314.97,1045.75,906.96,213.78,174.33),('cryyp','2023-04-05',31.43,1062.19,1028.60,760.00,184.13,197.05),('cryyp','2023-04-07',304.95,931.61,676.94,401.42,972.43,133.31),('gtvgu','2023-03-28',225.10,933.06,158.83,614.06,408.59,49.35),('gtvgu','2023-03-29',239.71,860.29,29.89,399.80,1037.41,15.35),('gtvgu','2023-03-31',389.71,1074.02,1092.30,299.94,264.05,138.12),('gtvgu','2023-04-01',120.64,579.87,604.80,949.56,507.40,1.11),('gtvgu','2023-04-02',254.67,1120.74,654.53,80.03,1144.29,234.16),('gtvgu','2023-04-03',472.40,113.64,630.46,129.16,1051.50,242.82),('gtvgu','2023-04-04',320.92,1019.27,693.18,465.39,70.56,84.00),('gtvgu','2023-04-05',149.93,463.89,794.49,688.66,1044.56,195.24),('gtvgu','2023-04-06',235.77,491.12,655.72,1010.09,765.25,7.70),('gtvgu','2023-04-07',129.29,869.48,325.28,630.27,580.63,66.92),('hcpbg','2023-03-28',374.51,713.97,494.80,133.87,142.35,51.72),('hcpbg','2023-03-29',471.14,858.81,1149.30,656.97,18.91,153.91),('hcpbg','2023-03-30',167.43,906.72,526.17,742.80,180.78,62.50),('hcpbg','2023-03-31',461.77,551.27,433.60,830.10,236.13,54.69),('hcpbg','2023-04-01',403.81,774.44,627.79,270.51,1070.81,7.37),('hcpbg','2023-04-02',187.71,320.19,106.95,60.67,662.26,119.08),('hcpbg','2023-04-03',288.24,785.89,452.04,50.84,456.87,50.37),('hcpbg','2023-04-04',16.76,611.45,387.37,216.55,337.91,59.94),('hcpbg','2023-04-05',451.01,776.83,36.44,846.35,933.24,116.55),('hcpbg','2023-04-06',472.75,642.74,1134.44,1092.67,111.49,53.13),('lnesm','2023-03-28',307.16,841.36,820.28,181.34,1039.89,270.16),('lnesm','2023-03-30',482.34,53.13,981.56,692.82,417.11,199.01),('lnesm','2023-03-31',312.04,420.08,1031.08,951.59,808.01,227.36),('lnesm','2023-04-01',403.50,74.89,269.10,813.55,464.06,91.59),('lnesm','2023-04-02',222.51,275.72,180.57,771.66,1026.55,73.97),('lnesm','2023-04-03',31.94,1135.11,720.92,760.29,970.49,31.18),('lnesm','2023-04-04',400.17,1015.44,714.58,652.27,39.61,133.54),('lnesm','2023-04-05',245.54,112.28,677.58,68.56,339.11,139.22),('lnesm','2023-04-06',230.87,1116.70,994.07,81.57,933.57,186.74),('lnesm','2023-04-07',247.78,687.24,161.04,1115.62,992.30,221.96),('mpkbc','2023-03-28',416.69,634.51,447.15,130.42,999.91,56.69),('mpkbc','2023-03-30',422.83,180.44,669.20,547.96,141.33,241.26),('mpkbc','2023-03-31',327.74,813.95,20.31,322.20,136.75,173.23),('mpkbc','2023-04-01',488.81,664.13,1158.69,1032.55,738.25,202.98),('mpkbc','2023-04-02',9.87,103.62,1127.59,945.59,867.29,126.29),('mpkbc','2023-04-03',157.89,996.63,893.12,46.69,712.94,262.07),('mpkbc','2023-04-04',291.42,707.44,1090.91,591.41,905.13,174.45),('mpkbc','2023-04-05',451.43,1054.09,977.84,389.47,166.00,117.06),('mpkbc','2023-04-06',162.13,104.72,82.24,738.97,977.53,80.49),('msrcl','2023-03-28',156.09,273.15,566.19,851.38,913.62,143.32),('msrcl','2023-03-29',462.61,21.13,1141.75,357.38,726.83,203.81),('msrcl','2023-03-30',284.81,563.97,132.67,994.68,347.86,83.19),('msrcl','2023-03-31',166.16,152.58,453.59,596.27,500.85,79.49),('msrcl','2023-04-01',388.25,928.31,163.56,449.09,1056.45,259.32),('msrcl','2023-04-02',64.72,698.18,30.38,320.89,70.32,188.65),('msrcl','2023-04-03',498.07,40.29,388.23,810.30,774.42,235.61),('msrcl','2023-04-04',405.61,360.08,902.01,380.75,476.53,221.85),('msrcl','2023-04-05',423.45,175.32,256.88,219.69,37.65,225.35),('msrcl','2023-04-06',414.63,1147.36,55.35,31.90,434.43,145.79),('msrcl','2023-04-07',60.62,859.05,969.56,1125.67,722.03,240.77),('nrpfr','2023-03-28',281.89,24.32,1176.28,447.83,829.79,43.10),('nrpfr','2023-03-30',215.83,906.28,248.47,176.84,909.98,192.88),('nrpfr','2023-04-01',207.13,372.62,1149.17,859.54,782.66,287.34),('nrpfr','2023-04-02',297.12,1007.52,849.32,367.89,857.32,93.34),('nrpfr','2023-04-03',191.92,1146.62,968.60,32.38,921.90,299.56),('nrpfr','2023-04-04',29.96,485.01,268.88,389.89,1148.49,60.05),('nrpfr','2023-04-05',419.45,808.11,186.07,1199.97,829.70,237.20),('nrpfr','2023-04-06',202.57,217.67,704.33,836.55,221.79,214.22),('pkhau','2023-03-28',165.68,924.87,956.84,605.80,1102.27,71.53),('pkhau','2023-03-29',243.95,198.51,38.36,276.40,813.90,96.86),('pkhau','2023-03-30',271.07,881.41,719.66,714.96,498.97,94.32),('pkhau','2023-03-31',304.05,23.81,1166.59,504.04,155.70,158.75),('pkhau','2023-04-01',49.20,692.90,996.13,15.12,101.38,115.55),('pkhau','2023-04-02',169.46,424.85,1189.59,347.87,970.36,97.24),('pkhau','2023-04-03',8.98,608.26,320.01,729.67,785.57,170.06),('pkhau','2023-04-04',82.65,1137.85,444.14,306.36,298.72,231.03),('pkhau','2023-04-05',245.66,77.24,1018.04,24.07,823.19,73.15),('pkhau','2023-04-06',415.43,313.80,1016.13,703.31,273.88,247.43),('pkhau','2023-04-07',434.62,383.54,886.88,539.06,372.11,73.00),('rcmnk','2023-03-29',81.28,199.85,305.28,70.23,891.10,31.62),('rcmnk','2023-03-30',300.65,535.26,1093.45,942.50,518.49,159.73),('rcmnk','2023-03-31',448.79,355.88,508.80,1150.66,627.02,278.66),('rcmnk','2023-04-01',293.96,1108.68,494.48,441.48,225.41,154.02),('rcmnk','2023-04-02',46.29,1050.71,157.05,337.85,971.17,244.62),('rcmnk','2023-04-03',102.40,272.19,816.48,257.92,1126.20,93.33),('rcmnk','2023-04-04',421.71,123.64,970.04,569.36,436.57,221.06),('rcmnk','2023-04-06',420.16,761.51,448.57,685.93,734.58,1.64),('rcmnk','2023-04-07',416.97,684.53,79.76,497.46,543.52,150.77),('scaui','2023-03-28',45.14,318.85,713.04,847.56,162.10,160.06),('scaui','2023-03-29',186.31,542.53,612.88,197.54,364.77,170.14),('scaui','2023-03-30',287.87,709.47,945.76,467.85,919.58,128.85),('scaui','2023-03-31',18.28,812.74,410.13,196.24,676.73,175.13),('scaui','2023-04-01',86.09,364.24,1157.92,327.49,216.55,161.72),('scaui','2023-04-02',158.98,716.84,557.75,648.51,469.02,46.13),('scaui','2023-04-03',47.02,992.35,698.63,196.53,1157.52,220.47),('scaui','2023-04-04',3.43,58.80,404.16,500.75,51.74,173.18),('scaui','2023-04-05',63.68,63.35,73.35,1125.64,179.58,39.19),('scaui','2023-04-06',12.93,617.06,1187.03,703.01,204.00,260.80),('scaui','2023-04-07',233.72,109.88,253.08,361.95,157.41,121.28),('tndgc','2023-03-28',148.90,343.62,226.76,23.85,263.41,291.58),('tndgc','2023-03-29',207.56,398.73,655.89,212.15,941.04,84.86),('tndgc','2023-03-30',375.22,1061.16,367.31,712.19,410.58,27.05),('tndgc','2023-03-31',369.20,1097.01,124.99,1114.56,405.86,201.61),('tndgc','2023-04-01',299.56,253.09,363.00,370.31,680.94,46.12),('tndgc','2023-04-02',355.28,439.99,533.21,792.14,304.51,43.88),('tndgc','2023-04-03',466.10,1039.63,93.86,1008.67,657.93,260.71),('tndgc','2023-04-04',73.95,891.29,284.01,84.99,122.40,141.80),('tndgc','2023-04-05',410.92,1154.81,520.18,691.21,444.38,117.90),('tndgc','2023-04-06',243.71,136.25,1012.34,666.80,28.46,271.14),('undbg','2023-03-28',3.50,161.63,951.05,890.99,139.39,27.43),('undbg','2023-03-29',308.25,1082.48,444.71,637.02,520.83,266.44),('undbg','2023-03-30',219.03,910.60,13.36,952.39,848.31,1.15),('undbg','2023-03-31',188.31,941.66,190.64,37.29,182.70,197.36),('undbg','2023-04-02',321.74,287.51,660.48,30.45,985.98,191.01),('undbg','2023-04-03',416.91,1034.18,1039.54,524.24,52.14,151.07),('undbg','2023-04-04',113.75,271.00,945.73,705.54,492.55,64.01),('undbg','2023-04-05',353.38,261.11,536.52,1002.96,283.25,17.53),('undbg','2023-04-06',261.27,524.76,94.11,967.87,400.96,110.61),('wkrpz','2023-03-28',31.20,253.63,156.95,815.06,375.03,111.88),('wkrpz','2023-03-29',443.03,202.21,155.74,300.38,1131.44,230.51),('wkrpz','2023-03-30',313.95,316.78,100.65,629.31,529.43,156.00),('wkrpz','2023-04-01',357.75,1177.13,969.90,171.71,227.58,7.56),('wkrpz','2023-04-02',121.16,175.51,287.02,813.46,545.46,265.11),('wkrpz','2023-04-03',69.27,1004.51,234.95,849.07,601.71,21.47),('wkrpz','2023-04-04',289.86,66.12,875.56,1089.29,62.08,24.50),('wkrpz','2023-04-05',211.24,916.84,320.48,321.23,1168.84,296.62),('wkrpz','2023-04-06',249.61,347.71,551.85,121.22,761.50,23.64),('wkrpz','2023-04-07',118.43,1178.67,276.76,565.64,1069.22,90.90),('xnmeh','2023-03-28',470.13,453.18,771.82,267.57,479.12,165.31),('xnmeh','2023-03-29',269.62,856.36,1175.74,618.43,1138.75,107.02),('xnmeh','2023-03-30',91.19,1020.63,346.81,199.70,99.96,262.06),('xnmeh','2023-03-31',136.70,994.53,690.10,66.58,168.82,265.67),('xnmeh','2023-04-01',5.55,379.11,926.06,202.73,697.79,277.47),('xnmeh','2023-04-02',187.10,428.10,905.99,1169.37,1041.41,215.18),('xnmeh','2023-04-04',354.98,150.03,430.55,921.20,731.57,30.46),('xnmeh','2023-04-05',205.40,879.53,296.08,559.21,609.17,276.62),('xnmeh','2023-04-06',368.42,407.24,337.42,149.69,880.55,286.45),('xnmeh','2023-04-07',287.81,674.56,1189.75,791.93,69.12,69.98),('xvifl','2023-03-28',294.59,291.80,799.21,990.96,712.31,154.68),('xvifl','2023-03-29',399.66,172.66,223.66,944.41,45.92,163.50),('xvifl','2023-03-30',291.63,968.51,425.85,914.64,116.92,64.71),('xvifl','2023-03-31',177.98,804.09,409.57,197.06,628.28,40.89),('xvifl','2023-04-01',455.70,87.50,878.95,818.73,666.20,202.21),('xvifl','2023-04-02',359.56,868.94,526.57,932.06,698.21,195.80),('xvifl','2023-04-03',483.34,1170.29,461.73,417.35,440.80,276.94),('xvifl','2023-04-04',311.59,165.08,19.36,652.32,899.57,177.81),('xvifl','2023-04-05',349.64,809.29,634.24,788.24,783.80,67.95),('xvifl','2023-04-06',498.16,1172.55,1018.22,821.64,1062.99,256.40),('yqukq','2023-03-29',116.88,762.14,673.48,231.25,314.53,264.81),('yqukq','2023-03-30',10.69,799.51,667.60,831.11,232.31,279.38),('yqukq','2023-03-31',301.58,384.25,249.44,25.14,264.38,183.29),('yqukq','2023-04-02',374.59,796.77,730.81,315.27,1072.67,120.20),('yqukq','2023-04-03',479.88,774.81,235.16,859.57,517.74,210.50),('yqukq','2023-04-04',290.66,1139.08,683.11,328.28,1078.94,204.06),('yqukq','2023-04-05',142.50,850.10,353.85,29.80,781.98,195.46),('yqukq','2023-04-06',349.67,584.38,688.59,678.87,95.27,144.08),('zechf','2023-03-28',225.83,129.22,515.73,546.74,937.21,213.84),('zechf','2023-03-29',320.97,202.78,318.17,314.69,14.80,19.75),('zechf','2023-03-30',490.43,345.47,470.47,825.01,510.01,272.78),('zechf','2023-03-31',379.62,771.93,657.83,950.19,295.10,257.36),('zechf','2023-04-01',85.06,897.60,792.02,530.30,1009.38,107.17),('zechf','2023-04-02',475.80,548.03,1105.23,878.63,910.93,269.37),('zechf','2023-04-03',334.34,971.21,1074.94,781.99,685.52,215.92),('zechf','2023-04-04',172.20,879.54,137.37,894.16,636.92,11.47),('zechf','2023-04-05',419.79,416.48,982.56,29.40,145.23,210.08),('zechf','2023-04-06',58.55,417.40,432.37,261.08,436.17,92.31);

UPDATE investment SET current_price = current_price;
UPDATE investment SET annualized_return = -(annualized_return);
UPDATE investment SET risk_level = (risk_level)/10;
UPDATE invests_in SET quantity = quantity;
CALL update_total_return();

